Chino,https://drive.google.com/thumbnail?id=1SVxldRSCO5ccuBeKYjSADV6C3vF4Ue1O
Japonés, https://drive.google.com/thumbnail?id=1OZn85D2vUYkKZltzj4t19nlG9OkfFJgZ
Suizo, https://drive.google.com/thumbnail?id=1cVraX36he1HeroO9Yom1heXJz4zV-tim
Americano, https://drive.google.com/thumbnail?id=1oJabIrX9TqK58897jzY90ljr10l203yi
Malasio, https://drive.google.com/thumbnail?id=1R4xwec3nfzwjRfKnXll37nTCIvhP3qxd
Irlandés, https://drive.google.com/thumbnail?id=1MexfgtXsOppu-P3jpJLXfeyjyTOdLI4M
Italiano, https://drive.google.com/thumbnail?id=1Cq_Biwm-tIUPGMDfzxbxQEk1zbq9MoTm
Holandés, https://drive.google.com/thumbnail?id=1t-3L_bz4Uz1ok6DpOo4BHLjzO8uS3LP4
Indio, https://drive.google.com/thumbnail?id=1bjdgqao_o133Crqi4EuAFK4BVC01F6Jj
Francés, https://drive.google.com/thumbnail?id=1z9LL-fdn0SZMrPLAZk3FZWlGHwHY-B0b
Ruso, https://drive.google.com/thumbnail?id=1miR09tFoRd7dBPvt6V47b4sFvQXGHL77
Alemán, https://drive.google.com/thumbnail?id=1nSfMetYiGSpf1OseVido-2r3zDbUoATr
Español, https://drive.google.com/thumbnail?id=1w_28fYbuZcR1bVZcjaGn8l8aNqOjgMgA
Británico, https://drive.google.com/thumbnail?id=1K0pon_iVyFXAh7T6JS-2Hxrpf1mHR0bR
Austriaco, https://drive.google.com/thumbnail?id=1bdFrlO5YAyXsRdYRVAP8sMSnug195qdj
Argentino, https://drive.google.com/thumbnail?id=1p_hQEKd6hWP2sWxfRCHpsUTF2lLMvCfY
Australiano, https://drive.google.com/thumbnail?id=1w1k6RSVdQQodqr_XTd5y-QUr2uAMuuuq
Belga, https://drive.google.com/thumbnail?id=1-QC4dChCpy2aPIRCyhVLseDhGl03SjzK
Brasileño, https://drive.google.com/thumbnail?id=1DCPrPtTXz6QWeXAthzCWVphMtuMPxUGj
Canadiense, https://drive.google.com/thumbnail?id=1mUQDEGCcpO5rt4_ZQeZLRr4DQDWwkATT
Checo, https://drive.google.com/thumbnail?id=1sva_6KDOUlLMsH-AXeeu4YZolK5N9tq8
Colombiano, https://drive.google.com/thumbnail?id=1rXXCaz5X9WxLoesY-8MD5H50SN2IA2VY
Danés, https://drive.google.com/thumbnail?id=1_iBD96CuEU1u5KC72ShJxQMc4W7oqwdd
Finlandés, https://drive.google.com/thumbnail?id=1cFrya7fx-QUpg0_Ctf5FuybEfW5fPjVN
Húngaro, https://drive.google.com/thumbnail?id=1Fmfm6Cqq0je_188xLwQ1IWBFO855bzQI
Indonesio, https://drive.google.com/thumbnail?id=16KQ6JUjggzExSOGBZXflUzIwYyOiaq8Y
Mexicano, https://drive.google.com/thumbnail?id=1s_hXMVI2IJB_pbUwIJHiYWVvBkj0KMwz
Monegasco, https://drive.google.com/thumbnail?id=1A6d2Dqe7dDmMgGHQ7vba8jbTP1brgRd_
Polaco, https://drive.google.com/thumbnail?id=1anKGlFWpVT5FnXyU3hFLQ1HfqP9XuuB6
Portugués, https://drive.google.com/thumbnail?id=1y-vvMUqcmM3BjSn1snZUC1T-nPo9V0QN
Sueco, https://drive.google.com/thumbnail?id=1Liyl494xLcEL-a3MIT0GD_sXIcS8Q_aF
Venezolano, https://drive.google.com/thumbnail?id=1xgbUVq9eArsK6ZOA6I05wTQex6pX1SZ2
Tailandés, https://drive.google.com/thumbnail?id=1X2sfifgV0P1nxDZr_u8tgPYsFLN117UU
Neozelandés, https://drive.google.com/thumbnail?id=1YXxnZpilp5HWa9HznZm-0fJJuVyLHYPC
